purchase_platform,amount,payment_mode,transaction_date,customer_id
Flipkart,35387.44,Net Banking,21-02-2025,1002
Amazon,33378.42,Debit Card,25-04-2024,1006
Myntra,48163.29,Wallet Payment,09-10-2024,1009
Flipkart,15211.25,UPI,02-05-2024,1017
Flipkart,25184.54,UPI,31-10-2024,1018
Flipkart,10134.45,Debit Card,20-03-2025,1020
Amazon,22658.92,Debit Card,31-03-2024,1042
Flipkart,38738.09,Credit Card,26-11-2024,1044
Amazon,39246.26,Wallet Payment,09-07-2024,1106
Ajio,21936.47,Wallet Payment,25-01-2025,1120
Ajio,10292.37,Debit Card,31-05-2024,1138
Flipkart,30871.7,Debit Card,31-01-2025,1145
Flipkart,17263.36,Credit Card,24-10-2024,1152
Flipkart,46011.72,Wallet Payment,10-02-2025,1153
Myntra,19458.92,Net Banking,11-04-2024,1157
Snapdeal,10492.57,Net Banking,02-08-2024,1185
Snapdeal,40733.63,Wallet Payment,17-11-2024,1188
Flipkart,33350.21,Debit Card,21-10-2024,1194
Ajio,8150.51,UPI,23-11-2024,1201
Ajio,38269.41,Debit Card,24-04-2024,1202
Myntra,3247.62,Net Banking,27-09-2024,1231
Ajio,6735.69,UPI,27-02-2025,1241
eBay,3303.43,Debit Card,12-10-2024,1243
Ajio,36932.23,Wallet Payment,04-01-2025,1256
Snapdeal,42729.04,Credit Card,09-10-2024,1265
Ajio,14578.6,UPI,12-09-2024,1272
eBay,33911.81,Credit Card,09-04-2024,1298
Flipkart,17038.8,Wallet Payment,04-05-2024,1307
eBay,9212.65,Credit Card,22-03-2025,1311
Myntra,13965.96,Net Banking,06-01-2025,1313
Flipkart,21879.58,Debit Card,28-01-2025,1319
Flipkart,2846.43,Debit Card,21-12-2024,1320
Flipkart,37139.11,Debit Card,04-09-2024,1333
eBay,34987.9,Net Banking,17-06-2024,1339
eBay,42785.99,Wallet Payment,26-10-2024,1349
Myntra,17608.57,Net Banking,26-10-2024,1356
Snapdeal,42082.71,UPI,05-09-2024,1417
eBay,1547.25,Credit Card,03-01-2025,1424
eBay,30671.6,Credit Card,26-12-2024,1430
eBay,37549.54,Debit Card,21-03-2025,1436
Flipkart,28211.9,Net Banking,21-06-2024,1449
Snapdeal,9765.98,UPI,21-02-2025,1461
Amazon,28698.59,Net Banking,30-07-2024,1464
eBay,25504.61,UPI,28-06-2024,1470
Ajio,28199.05,UPI,17-06-2024,1472
eBay,37405.17,Debit Card,05-12-2024,1474
eBay,46081.02,Wallet Payment,10-06-2024,1475
Ajio,19226.76,Wallet Payment,26-01-2025,1496
Ajio,44937.33,Debit Card,11-04-2024,1502
Flipkart,48384.48,Wallet Payment,17-10-2024,1508
eBay,3266.28,UPI,03-11-2024,1519
eBay,46634.13,Net Banking,10-06-2024,1530
Flipkart,4884.96,Wallet Payment,05-03-2025,1547
Ajio,472.2,Wallet Payment,03-03-2025,1550
Amazon,1749.7,Net Banking,07-06-2024,1568
eBay,48635.94,Debit Card,02-06-2024,1601
Amazon,5074.13,UPI,18-11-2024,1605
Snapdeal,40387.76,Net Banking,16-05-2024,1611
Ajio,16060.44,Net Banking,26-02-2025,1618
Ajio,31367.39,Net Banking,04-06-2024,1626
eBay,37549.48,Net Banking,07-02-2025,1645
Flipkart,49741.99,Wallet Payment,29-06-2024,1646
eBay,28609.48,Net Banking,22-11-2024,1651
Snapdeal,6665.73,UPI,28-12-2024,1653
Amazon,9510.66,Debit Card,19-03-2025,1659
Myntra,40646.06,Debit Card,19-05-2024,1660
eBay,22612.15,Debit Card,28-01-2025,1672
Snapdeal,16336.27,Net Banking,04-01-2025,1686
Myntra,40831.76,Net Banking,14-01-2025,1693
Snapdeal,11876.43,UPI,15-01-2025,1699
Flipkart,43531.56,Debit Card,26-03-2024,1719
Flipkart,25317.74,UPI,21-01-2025,1722
Ajio,13115.77,UPI,20-11-2024,1725
Flipkart,36058.6,Credit Card,28-07-2024,1731
Snapdeal,31353.25,Net Banking,27-12-2024,1742
Amazon,27913.91,Credit Card,17-07-2024,1749
eBay,18802.4,UPI,28-11-2024,1751
eBay,28261.46,Wallet Payment,14-11-2024,1757
Snapdeal,30629.89,Net Banking,17-06-2024,1768
Myntra,25897.59,UPI,01-04-2024,1785
eBay,21509.82,Net Banking,24-01-2025,1790
Snapdeal,42011.32,Credit Card,12-08-2024,1793
Amazon,11556.56,Wallet Payment,02-06-2024,1794
Ajio,5366.12,Net Banking,30-12-2024,1797
Amazon,13171.69,Wallet Payment,20-02-2025,1803
Ajio,27828.84,Debit Card,25-12-2024,1824
Ajio,47338.96,Wallet Payment,28-10-2024,1828
Myntra,47851.72,Net Banking,02-01-2025,1832
eBay,22090.24,UPI,25-04-2024,1841
Myntra,12599.44,Credit Card,08-12-2024,1854
Amazon,11497.76,Credit Card,25-03-2024,1857
eBay,17820.17,UPI,22-03-2025,1860
Snapdeal,7236.46,Wallet Payment,29-01-2025,1861
Flipkart,6318.56,Credit Card,19-05-2024,1878
Amazon,32414.98,UPI,03-02-2025,1888
Snapdeal,29027.82,Net Banking,14-08-2024,1893
Amazon,4414.53,Debit Card,06-06-2024,1894
Flipkart,30825.38,Debit Card,20-10-2024,1907
Ajio,13811.53,Credit Card,28-09-2024,1916
Myntra,17117.34,UPI,10-07-2024,1924
eBay,33920.52,Credit Card,03-06-2024,1930
Myntra,10760.93,UPI,30-08-2024,1931
Flipkart,40320.69,UPI,19-10-2024,1945
Snapdeal,45676.27,Wallet Payment,12-04-2024,1950
Snapdeal,24352.19,UPI,03-02-2025,1959
Ajio,36519.38,Credit Card,23-12-2024,1962
eBay,40715.4,Debit Card,07-08-2024,1964
eBay,20373.43,Credit Card,26-04-2024,1971
Flipkart,3023.68,UPI,17-04-2024,1977
Flipkart,45757.03,Wallet Payment,25-12-2024,1981
Ajio,37961.74,Net Banking,08-11-2024,1982
eBay,46242.48,Debit Card,15-06-2024,1990
Ajio,45213.8,Wallet Payment,21-06-2024,1996
Ajio,32145.94,Wallet Payment,20-06-2024,1999
Ajio,7379.79,Debit Card,04-03-2025,2013
Snapdeal,5982.45,UPI,31-05-2024,2025
Ajio,15378.14,Debit Card,20-06-2024,2044
Flipkart,28015.95,Debit Card,08-01-2025,2052
Flipkart,45916.98,Credit Card,20-03-2025,2070
eBay,18389.68,UPI,08-09-2024,2083
Snapdeal,6228.75,Wallet Payment,03-08-2024,2097
Myntra,21602.18,UPI,05-02-2025,2099
Snapdeal,26586.5,Wallet Payment,17-05-2024,2106
Amazon,26804.92,Credit Card,23-01-2025,2110
Amazon,20629.55,Credit Card,01-06-2024,2122
Myntra,16412.84,Debit Card,04-12-2024,2124
Amazon,13330.49,Net Banking,18-11-2024,2129
eBay,5711.83,Wallet Payment,25-10-2024,2130
Myntra,46265.2,Debit Card,31-12-2024,2163
eBay,6544.73,Net Banking,17-11-2024,2166
eBay,23958.23,Debit Card,14-01-2025,2180
Myntra,9640.04,Credit Card,10-09-2024,2188
Myntra,41092.48,UPI,25-09-2024,2192
eBay,20055.86,Credit Card,14-09-2024,2193
Snapdeal,20105.79,Net Banking,01-01-2025,2215
Myntra,49704.33,Debit Card,27-07-2024,2225
eBay,21319.8,UPI,28-03-2024,2228
Amazon,7179.28,Wallet Payment,07-01-2025,2229
Flipkart,45880.37,UPI,01-12-2024,2234
Flipkart,8658.37,Wallet Payment,22-06-2024,2235
Amazon,27813.08,Net Banking,20-02-2025,2260
Flipkart,1094.32,Credit Card,06-12-2024,2262
eBay,34964.95,Debit Card,01-08-2024,2269
Flipkart,28383.76,Credit Card,19-12-2024,2279
eBay,37845.19,Credit Card,08-10-2024,2291
Ajio,22341.06,Credit Card,10-09-2024,2292
Snapdeal,9089.38,Credit Card,23-01-2025,2294
eBay,27661.78,Credit Card,22-08-2024,2295
Amazon,38227.97,Net Banking,29-10-2024,2320
Snapdeal,25052.41,Credit Card,30-08-2024,2323
Snapdeal,10390.07,Net Banking,31-12-2024,2324
Myntra,30220.75,Credit Card,04-01-2025,2336
Flipkart,32944.76,Credit Card,05-08-2024,2341
Snapdeal,717.71,Wallet Payment,27-09-2024,2350
Ajio,5598.91,UPI,27-02-2025,2353
Amazon,4801.13,Net Banking,02-06-2024,2354
Snapdeal,5355.05,Wallet Payment,01-02-2025,2376
eBay,46803.19,Debit Card,25-03-2024,2380
Amazon,29578.78,Debit Card,04-02-2025,2388
Amazon,20817.48,Credit Card,27-02-2025,2391
Amazon,45711.94,UPI,17-11-2024,2395
Amazon,41051.26,Debit Card,11-11-2024,2402
Myntra,26599.82,UPI,03-01-2025,2403
Amazon,144.41,Debit Card,05-12-2024,2419
eBay,28853.95,Debit Card,24-08-2024,2430
Snapdeal,33146.05,Wallet Payment,25-01-2025,2435
eBay,36926.39,Credit Card,30-04-2024,2442
Amazon,15306.9,Net Banking,26-11-2024,2463
Amazon,41497.15,Credit Card,05-11-2024,2465
Flipkart,22993.23,Wallet Payment,30-12-2024,2478
Flipkart,45221.2,Credit Card,31-08-2024,2479
Snapdeal,28040.26,Credit Card,28-07-2024,2480
Amazon,48814.68,Net Banking,11-06-2024,2489
Ajio,548.2,Net Banking,17-09-2024,2494
eBay,11491.09,Wallet Payment,07-06-2024,2524
Snapdeal,8013.28,Credit Card,17-03-2025,2525
Myntra,31408.63,Wallet Payment,27-09-2024,2526
Ajio,38277.1,Credit Card,08-04-2024,2529
eBay,16910.31,Net Banking,01-03-2025,2530
Snapdeal,20535.67,UPI,18-04-2024,2535
Snapdeal,35461.64,Credit Card,30-08-2024,2557
Flipkart,38920.5,UPI,16-07-2024,2571
Ajio,19632.71,Credit Card,26-12-2024,2578
Amazon,22383.55,Debit Card,12-10-2024,2582
Amazon,34943.14,Wallet Payment,06-07-2024,2584
Snapdeal,4649.62,Debit Card,18-05-2024,2604
Flipkart,8112.85,Debit Card,19-12-2024,2609
eBay,11454.66,Debit Card,03-11-2024,2612
Myntra,41985.57,Debit Card,15-09-2024,2625
eBay,39853.68,Net Banking,06-01-2025,2633
Amazon,18589.64,UPI,02-03-2025,2638
Ajio,21144.55,Net Banking,21-03-2025,2641
Ajio,34364.63,Credit Card,01-01-2025,2646
Snapdeal,33404.8,Net Banking,03-01-2025,2647
Amazon,12835.32,Credit Card,03-02-2025,2657
Myntra,12893.77,Wallet Payment,21-08-2024,2659
Ajio,21798.04,Wallet Payment,20-01-2025,2678
Flipkart,36854.46,Debit Card,11-08-2024,2680
Snapdeal,13537.01,Wallet Payment,08-03-2025,2681
eBay,45467.16,Credit Card,17-11-2024,2684
Snapdeal,8227.76,UPI,06-05-2024,2697
Myntra,13079.58,UPI,10-08-2024,2698
Flipkart,35404.01,Debit Card,01-04-2024,2712
Ajio,25585.32,Net Banking,21-12-2024,2713
Flipkart,287.83,Net Banking,28-02-2025,2743
Amazon,7550.43,Debit Card,21-05-2024,2746
Myntra,12450.58,Debit Card,25-01-2025,2753
Myntra,38487.12,UPI,29-09-2024,2758
eBay,45482.34,Debit Card,01-07-2024,2768
Myntra,41562.36,Credit Card,07-05-2024,2771
Ajio,31985.89,UPI,07-11-2024,2785
eBay,33181.47,Wallet Payment,23-10-2024,2790
Flipkart,28290.27,Credit Card,14-01-2025,2796
Amazon,42293.07,Credit Card,29-11-2024,2800
Amazon,34402.63,UPI,14-01-2025,2824
Ajio,14235.47,Wallet Payment,11-09-2024,2827
eBay,23948.61,Debit Card,11-10-2024,2848
Ajio,16817.03,Wallet Payment,18-01-2025,2858
Myntra,17544.8,Debit Card,01-02-2025,2864
Snapdeal,16655.87,Credit Card,22-09-2024,2871
Snapdeal,21471.23,Wallet Payment,01-06-2024,2874
Ajio,13675.15,UPI,13-02-2025,2876
Ajio,31516.69,Debit Card,05-06-2024,2885
Snapdeal,26758.38,Credit Card,12-04-2024,2889
Amazon,28704.11,UPI,11-08-2024,2899
Myntra,32564.66,Credit Card,01-12-2024,2900
Snapdeal,17794,Credit Card,24-05-2024,2901
Flipkart,38476.99,UPI,22-09-2024,2904
Snapdeal,16644.03,Wallet Payment,03-04-2024,2911
eBay,43046.12,Wallet Payment,23-01-2025,2923
Ajio,26177.14,Net Banking,11-02-2025,2928
eBay,9055.73,Net Banking,25-03-2025,2929
Amazon,42131.07,Debit Card,07-12-2024,2934
eBay,20345.04,Net Banking,07-12-2024,2944
Amazon,27736.46,Wallet Payment,24-10-2024,2946
Flipkart,29181.7,Credit Card,29-04-2024,2956
Ajio,35764.69,Wallet Payment,20-08-2024,2958
Flipkart,13752.24,Net Banking,29-03-2024,2964
Myntra,25365.04,Credit Card,16-09-2024,2983
Myntra,39928.11,Net Banking,02-01-2025,2988
Ajio,36445.36,UPI,11-11-2024,3002
Snapdeal,39580.08,Wallet Payment,03-03-2025,3017
Ajio,36664.98,UPI,04-09-2024,3024
Ajio,13722.77,Debit Card,23-08-2024,3029
Ajio,23108.55,Credit Card,13-04-2024,3091
Myntra,5077.74,Debit Card,17-09-2024,3093
Flipkart,24719.23,Net Banking,31-07-2024,3102
Myntra,9289.51,Net Banking,14-01-2025,3112
Amazon,7955.84,Wallet Payment,11-04-2024,3126
Ajio,35257.73,Wallet Payment,01-07-2024,3137
Amazon,34818.55,Debit Card,10-05-2024,3139
Flipkart,11641.57,Wallet Payment,11-02-2025,3140
Amazon,40892.07,UPI,04-01-2025,3141
eBay,21224.89,UPI,23-05-2024,3142
Amazon,8235.89,UPI,30-07-2024,3147
Amazon,24993.31,Wallet Payment,18-01-2025,3153
eBay,43241.81,UPI,01-05-2024,3165
Snapdeal,43549.63,Debit Card,03-04-2024,3170
Snapdeal,40538.27,Debit Card,23-05-2024,3171
Myntra,42392.57,Wallet Payment,02-06-2024,3174
Snapdeal,6136.22,Credit Card,07-08-2024,3181
eBay,38847.34,Net Banking,30-10-2024,3185
eBay,13003.32,Credit Card,22-09-2024,3209
Ajio,30924.83,Wallet Payment,06-12-2024,3221
Ajio,38300.47,Net Banking,30-06-2024,3222
Amazon,10204.37,UPI,23-09-2024,3230
Snapdeal,11172.35,Net Banking,25-10-2024,3235
Myntra,11078.86,Debit Card,21-08-2024,3240
Snapdeal,47171.8,Wallet Payment,21-11-2024,3246
Ajio,33188.19,Credit Card,29-01-2025,3253
Myntra,41217.68,UPI,15-09-2024,3262
eBay,31464.34,Net Banking,05-01-2025,3286
Flipkart,7186.29,Net Banking,07-07-2024,3290
Ajio,14589.88,UPI,08-06-2024,3292
Ajio,25488.85,UPI,17-10-2024,3296
Ajio,31124.79,Credit Card,06-10-2024,3304
Flipkart,30569.46,Net Banking,21-12-2024,3308
Snapdeal,28639.89,Net Banking,26-06-2024,3320
Flipkart,27185.3,Wallet Payment,05-07-2024,3347
eBay,23645.94,Wallet Payment,05-10-2024,3352
Ajio,48144.11,Credit Card,21-10-2024,3361
Snapdeal,34400.22,Debit Card,08-09-2024,3362
Myntra,18529.88,Debit Card,25-01-2025,3365
Snapdeal,33528.78,Net Banking,11-08-2024,3370
Snapdeal,39231.71,Debit Card,10-03-2025,3390
Flipkart,36389.18,Net Banking,15-09-2024,3399
Ajio,20112.19,UPI,16-07-2024,3415
Snapdeal,40203.68,Debit Card,25-09-2024,3417
Myntra,21722.48,Wallet Payment,25-03-2025,3419
Myntra,1428.83,Debit Card,25-12-2024,3426
Snapdeal,26349.38,UPI,28-06-2024,3441
Flipkart,3753.39,UPI,07-07-2024,3442
Ajio,33478.45,Debit Card,23-08-2024,3455
Snapdeal,11344.25,Debit Card,11-11-2024,3458
Snapdeal,10012.56,Wallet Payment,15-11-2024,3463
Flipkart,33286.63,Credit Card,15-07-2024,3470
Snapdeal,43112.59,UPI,05-01-2025,3480
Snapdeal,11042.48,Credit Card,08-06-2024,3481
Flipkart,37788.64,Wallet Payment,14-03-2025,3492
Snapdeal,7991.74,Wallet Payment,14-07-2024,3496
Myntra,8960.16,Net Banking,18-07-2024,3513
Snapdeal,26272.85,Debit Card,23-08-2024,3522
eBay,23633.57,Credit Card,14-12-2024,3526
Myntra,12706.25,Wallet Payment,14-09-2024,3535
Ajio,19599.91,Debit Card,18-04-2024,3541
Amazon,28755.97,Credit Card,26-11-2024,3587
Ajio,22793.36,Debit Card,12-07-2024,3589
Myntra,46121.65,Debit Card,08-08-2024,3604
Flipkart,43800.89,Net Banking,08-12-2024,3607
Amazon,46866.85,Net Banking,13-09-2024,3610
Flipkart,14398.6,Net Banking,21-12-2024,3611
Amazon,23701.47,Wallet Payment,08-01-2025,3621
Myntra,2489.01,UPI,08-07-2024,3623
Myntra,20110.52,Net Banking,07-01-2025,3646
Flipkart,6947.58,UPI,11-07-2024,3662
Myntra,40545.15,Debit Card,19-04-2024,3692
Ajio,38686.05,Debit Card,08-06-2024,3695
eBay,575.43,Debit Card,25-08-2024,3697
Snapdeal,13954.82,Credit Card,05-08-2024,3703
Myntra,9722.01,Debit Card,22-07-2024,3705
Myntra,12373.95,Wallet Payment,18-01-2025,3711
eBay,16823.35,Credit Card,03-04-2024,3712
eBay,34483.57,Credit Card,23-05-2024,3719
Amazon,36598.12,Credit Card,01-11-2024,3725
Snapdeal,20954.67,Credit Card,19-02-2025,3736
Myntra,39157.51,Wallet Payment,02-01-2025,3738
Ajio,5894.7,Net Banking,21-10-2024,3740
Ajio,49422.37,Net Banking,16-05-2024,3749
Flipkart,48769.37,UPI,31-01-2025,3752
eBay,24696.56,Debit Card,21-06-2024,3754
eBay,22528.35,UPI,09-03-2025,3755
eBay,25245.23,Debit Card,10-07-2024,3762
Amazon,12253.09,Debit Card,20-01-2025,3773
Amazon,25748.85,UPI,09-01-2025,3777
Ajio,49691.18,Wallet Payment,04-03-2025,3780
eBay,39484.49,UPI,24-04-2024,3793
Snapdeal,6917.01,Debit Card,22-02-2025,3803
Snapdeal,26829.79,UPI,05-03-2025,3815
Snapdeal,20779.79,Debit Card,15-08-2024,3826
eBay,31509.39,Credit Card,21-06-2024,3827
Amazon,29233.14,UPI,29-06-2024,3831
Myntra,42545.28,Credit Card,15-05-2024,3838
Flipkart,4898.63,Credit Card,10-01-2025,3842
Snapdeal,4746.25,Credit Card,15-02-2025,3848
Amazon,42588.2,Credit Card,07-06-2024,3851
Ajio,39590.85,Net Banking,09-09-2024,3852
Amazon,48533.03,Credit Card,11-09-2024,3858
Flipkart,45283.58,Credit Card,01-09-2024,3868
Snapdeal,10449.87,Credit Card,19-11-2024,3869
Flipkart,41208.11,Wallet Payment,04-12-2024,3877
Amazon,44494.04,Debit Card,01-01-2025,3880
Amazon,26854.1,UPI,25-05-2024,3885
eBay,10529.63,Debit Card,05-11-2024,3900
Ajio,40115.65,Net Banking,08-11-2024,3911
eBay,5839.23,Credit Card,25-04-2024,3924
Myntra,33791.25,Wallet Payment,06-01-2025,3938
Myntra,28988.77,Net Banking,28-03-2024,3956
Myntra,33589.8,UPI,30-03-2024,3967
Flipkart,3847.41,Wallet Payment,06-01-2025,3981
eBay,36018.74,Credit Card,27-03-2024,3999
Snapdeal,36663.13,Credit Card,07-01-2025,4033
Amazon,45869.29,Debit Card,03-03-2025,4063
Myntra,45745.84,UPI,08-03-2025,4065
Ajio,42118.07,Net Banking,19-06-2024,4084
Myntra,13623.06,Wallet Payment,24-10-2024,4111
Myntra,37149.5,Debit Card,14-02-2025,4113
Snapdeal,37138.8,Credit Card,10-11-2024,4119
Amazon,35801.47,Wallet Payment,01-01-2025,4131
Flipkart,21990.92,UPI,08-10-2024,4164
Flipkart,32996.8,Wallet Payment,17-06-2024,4180
Amazon,43313.7,Wallet Payment,08-09-2024,4185
Amazon,1479.21,Credit Card,15-02-2025,4189
eBay,14890.72,Debit Card,04-05-2024,4201
Amazon,17389.18,Credit Card,23-10-2024,4203
Flipkart,44806.89,Net Banking,01-01-2025,4228
eBay,14528.22,UPI,08-05-2024,4232
Myntra,15082.57,Credit Card,24-12-2024,4241
Myntra,46526.78,Net Banking,22-10-2024,4254
Ajio,23277.77,Net Banking,28-07-2024,4257
eBay,28920.57,Net Banking,01-05-2024,4261
Flipkart,26618.55,Debit Card,31-10-2024,4269
Snapdeal,18042.48,Credit Card,15-04-2024,4271
Amazon,12412.48,Debit Card,17-06-2024,4288
Amazon,12921.61,Debit Card,23-03-2025,4290
Myntra,40397.09,Net Banking,19-09-2024,4292
Myntra,11454.25,Credit Card,13-04-2024,4295
Amazon,16622.75,Credit Card,07-12-2024,4308
Myntra,22854.96,Wallet Payment,09-03-2025,4314
Flipkart,1154.03,Credit Card,24-05-2024,4329
Ajio,12786.37,Debit Card,27-01-2025,4350
Flipkart,33457.58,Debit Card,24-11-2024,4361
Myntra,8984.83,Net Banking,27-05-2024,4362
Amazon,1637.76,Credit Card,15-10-2024,4387
eBay,48958.78,Net Banking,18-09-2024,4390
Ajio,9816.25,UPI,14-05-2024,4401
Myntra,41649.4,Credit Card,14-02-2025,4402
Snapdeal,3030.69,UPI,12-05-2024,4450
Myntra,44265.5,Net Banking,27-11-2024,4460
Snapdeal,30434.68,UPI,02-04-2024,4463
Amazon,40020.97,Net Banking,08-07-2024,4470
Amazon,11778.13,Wallet Payment,08-12-2024,4475
eBay,49150.55,Credit Card,29-10-2024,4511
Amazon,11604.24,Credit Card,25-03-2025,4515
Ajio,27804.09,Debit Card,04-11-2024,4519
Amazon,47286.77,UPI,18-03-2025,4522
Snapdeal,34091.13,Net Banking,08-07-2024,4538
Ajio,4441.35,Debit Card,05-09-2024,4555
eBay,44553.23,Net Banking,23-06-2024,4559
Ajio,15951.7,Debit Card,05-03-2025,4568
Myntra,2854.85,Wallet Payment,03-11-2024,4570
eBay,16179.16,Debit Card,25-04-2024,4571
eBay,16980.84,Wallet Payment,12-06-2024,4588
Myntra,33451.08,Net Banking,30-06-2024,4594
Amazon,40597.79,Wallet Payment,15-03-2025,4598
Myntra,8645.86,Debit Card,11-04-2024,4611
Amazon,6490.52,Credit Card,31-01-2025,4613
eBay,44337.12,Debit Card,19-12-2024,4619
Myntra,579.03,Credit Card,28-08-2024,4621
Flipkart,49342.36,Credit Card,28-05-2024,4637
Flipkart,3648.24,Wallet Payment,30-01-2025,4641
Snapdeal,48188.16,Debit Card,13-11-2024,4648
Amazon,49134.96,Net Banking,07-06-2024,4656
Snapdeal,33937.46,Debit Card,19-06-2024,4669
eBay,39148.46,Wallet Payment,28-09-2024,4695
eBay,11567.84,Credit Card,15-11-2024,4705
Amazon,40074.72,UPI,29-09-2024,4728
Flipkart,35240.2,Credit Card,01-02-2025,4733
Ajio,28066.87,Credit Card,25-12-2024,4770
Amazon,35236.22,UPI,31-10-2024,4788
eBay,7924.51,Wallet Payment,27-09-2024,4791
Amazon,29953.5,Wallet Payment,30-03-2024,4798
Flipkart,5371.65,Credit Card,09-05-2024,4813
Amazon,9589.08,UPI,08-10-2024,4814
Snapdeal,9557.76,UPI,19-04-2024,4817
Ajio,13454.73,Debit Card,12-09-2024,4824
Ajio,44007.23,Debit Card,02-03-2025,4836
Flipkart,28893.4,UPI,07-07-2024,4839
eBay,23271.31,Net Banking,02-09-2024,4846
eBay,24449.73,Net Banking,30-09-2024,4860
Flipkart,42608.08,Debit Card,01-10-2024,4862
Snapdeal,42264.82,Debit Card,08-07-2024,4872
eBay,21676.19,Wallet Payment,08-09-2024,4878
Myntra,25214.02,Debit Card,25-01-2025,4891
Myntra,31329.76,UPI,17-04-2024,4892
Snapdeal,48217.34,Credit Card,02-03-2025,4909
Snapdeal,40464.08,Wallet Payment,19-08-2024,4912
Flipkart,27295.01,Net Banking,06-02-2025,4920
eBay,34989.97,Debit Card,16-08-2024,4921
Flipkart,36517.38,Wallet Payment,07-12-2024,4923
Ajio,44163.96,Debit Card,18-05-2024,4937
Flipkart,1052.38,UPI,17-11-2024,4941
Flipkart,40417.41,UPI,07-07-2024,4945
Flipkart,41758.81,UPI,02-09-2024,4951
Amazon,5271.09,Credit Card,17-03-2025,4965
eBay,21686.25,Debit Card,23-04-2024,4971
Amazon,6035.03,Wallet Payment,01-07-2024,4972
Myntra,35890.34,Credit Card,21-05-2024,4974
Myntra,28806.44,UPI,05-05-2024,4977
eBay,44802.39,Debit Card,26-09-2024,4978
eBay,27282.02,UPI,12-01-2025,4984
Snapdeal,18925.61,UPI,11-12-2024,4993
Myntra,21416.56,Wallet Payment,09-03-2025,4997
Ajio,36591.39,Net Banking,09-09-2024,5002
eBay,4282.37,Net Banking,28-12-2024,5016
Myntra,20544.44,Wallet Payment,01-11-2024,5026
eBay,43466.38,Wallet Payment,23-06-2024,5037
Myntra,38464.14,Wallet Payment,19-08-2024,5040
eBay,22753.85,Credit Card,11-02-2025,5050
eBay,7159.07,Credit Card,13-05-2024,5054
eBay,21774.15,Net Banking,08-04-2024,5055
Ajio,6680.13,UPI,06-05-2024,5061
Ajio,45178.34,Debit Card,10-07-2024,5065
Amazon,10779.77,Wallet Payment,02-05-2024,5067
Ajio,34136.29,Debit Card,09-03-2025,5076
Ajio,5368.94,UPI,09-04-2024,5082
Myntra,19313.45,Wallet Payment,13-09-2024,5093
Myntra,30704.78,Debit Card,10-03-2025,5118
Snapdeal,45893.46,Debit Card,29-12-2024,5128
Snapdeal,31756.32,Wallet Payment,25-04-2024,5136
Ajio,14956.66,Credit Card,23-07-2024,5179
Flipkart,29614.47,Debit Card,22-06-2024,5186
Ajio,3755.67,Credit Card,21-02-2025,5190
Myntra,44259.77,Wallet Payment,14-06-2024,5192
eBay,20967.87,Net Banking,16-12-2024,5225
Snapdeal,38100.62,Credit Card,03-06-2024,5237
Snapdeal,2934.17,Credit Card,25-03-2025,5262
Snapdeal,4943.47,UPI,30-11-2024,5269
Myntra,41275.83,UPI,11-07-2024,5279
Amazon,47695.03,UPI,04-04-2024,5291
Snapdeal,35563.77,Credit Card,27-02-2025,5295
Ajio,37415.53,Net Banking,18-10-2024,5298
Flipkart,4616.02,Credit Card,19-06-2024,5305
eBay,13726.51,UPI,10-06-2024,5315
Myntra,40816.01,UPI,19-04-2024,5325
Myntra,47837.43,Credit Card,22-09-2024,5327
Amazon,4878.04,UPI,09-11-2024,5331
Ajio,31580.21,Debit Card,15-04-2024,5335
eBay,37984.36,Credit Card,11-06-2024,5336
Myntra,5939.68,Debit Card,05-04-2024,5341
Flipkart,41746.3,UPI,23-05-2024,5374
eBay,35807.41,Credit Card,30-03-2024,5375
eBay,11707.76,Net Banking,22-01-2025,5381
eBay,1364.67,Credit Card,26-03-2024,5389
Ajio,23211.11,Credit Card,26-08-2024,5395
eBay,45685.03,Net Banking,19-12-2024,5397
Flipkart,3484,UPI,21-03-2025,5399
Flipkart,40105.13,Wallet Payment,25-07-2024,5400
eBay,18497.81,UPI,02-12-2024,5450
Flipkart,7744.11,UPI,20-08-2024,5453
eBay,8422,Credit Card,15-05-2024,5470
eBay,22759.03,Debit Card,15-02-2025,5478
Flipkart,45757.41,UPI,05-04-2024,5479
Amazon,13206.52,Debit Card,30-01-2025,5480
Ajio,38511.3,Debit Card,14-12-2024,5496
Amazon,30562.21,Debit Card,04-04-2024,5500
Snapdeal,10510.57,Debit Card,03-12-2024,5505
eBay,14562.81,Credit Card,24-12-2024,5511
Myntra,32114.42,Debit Card,13-01-2025,5526
Amazon,3132.03,Net Banking,20-12-2024,5529
Flipkart,49005.54,Credit Card,21-07-2024,5546
Amazon,47545.06,Debit Card,01-04-2024,5564
eBay,19889.69,Net Banking,06-04-2024,5571
Ajio,45351.87,Net Banking,27-08-2024,5573
Ajio,38852.73,Net Banking,23-09-2024,5585
Amazon,45735.34,Credit Card,12-03-2025,5593
eBay,20586.73,Net Banking,12-06-2024,5605
Amazon,21463.61,Net Banking,15-05-2024,5632
Amazon,653.47,Debit Card,20-06-2024,5634
eBay,44831.43,Net Banking,04-08-2024,5637
Snapdeal,21225.25,Credit Card,26-12-2024,5668
Ajio,6816.39,Wallet Payment,25-08-2024,5670
Snapdeal,30911.86,Net Banking,09-08-2024,5673
Ajio,27922.53,Net Banking,20-06-2024,5687
Myntra,34187.11,Credit Card,19-01-2025,5689
Ajio,26347.19,Debit Card,21-04-2024,5697
Ajio,34735.29,Debit Card,10-02-2025,5703
Amazon,23345.72,Wallet Payment,01-05-2024,5728
eBay,30512.39,Wallet Payment,07-05-2024,5735
Myntra,26391.12,Wallet Payment,19-12-2024,5742
Snapdeal,17651.03,Debit Card,04-03-2025,5743
eBay,4542.29,Credit Card,03-08-2024,5773
Amazon,40634.43,Debit Card,30-07-2024,5775
eBay,40925.55,UPI,08-03-2025,5781
Amazon,47866.18,UPI,13-02-2025,5785
eBay,27601.83,UPI,20-09-2024,5794
Myntra,7159.96,Net Banking,03-02-2025,5833
eBay,35794.28,Net Banking,05-06-2024,5835
eBay,7035.58,UPI,26-07-2024,5839
Flipkart,9855.42,Wallet Payment,01-09-2024,5847
Myntra,3674.53,Net Banking,15-07-2024,5890
Ajio,41202.62,Wallet Payment,20-10-2024,5895
eBay,49393.46,Wallet Payment,25-07-2024,5901
Amazon,43124.4,UPI,16-02-2025,5902
Ajio,5532.73,Wallet Payment,13-08-2024,5911
eBay,44868.01,UPI,26-06-2024,5915
Ajio,15326.45,Debit Card,26-01-2025,5920
Myntra,44696.32,UPI,23-07-2024,5934
eBay,37599.73,Credit Card,05-08-2024,5938
eBay,7418.5,Wallet Payment,12-07-2024,5942
eBay,37069.4,Credit Card,12-01-2025,5945
Myntra,8888.22,Net Banking,03-06-2024,5947
Myntra,28435.84,Debit Card,12-08-2024,5949
Ajio,39348.04,Debit Card,24-07-2024,5967
eBay,803.27,Net Banking,07-11-2024,5990
Amazon,15474.49,Debit Card,08-11-2024,6003
Amazon,18920.02,UPI,17-06-2024,6031
Ajio,17811.85,Wallet Payment,07-10-2024,6040
Snapdeal,38857.39,Wallet Payment,20-08-2024,6050
Flipkart,48633.18,Net Banking,26-04-2024,6052
eBay,749.66,Debit Card,08-09-2024,6053
Myntra,47426.78,Wallet Payment,26-12-2024,6055
Snapdeal,7966.61,Net Banking,04-12-2024,6062
Myntra,28005.14,Net Banking,22-02-2025,6072
Snapdeal,5059.64,Wallet Payment,09-05-2024,6083
Myntra,22446.19,Net Banking,18-06-2024,6085
eBay,19819.12,Wallet Payment,01-09-2024,6090
Snapdeal,3367.17,Credit Card,14-10-2024,6094
Myntra,4285.49,Wallet Payment,21-06-2024,6095
Myntra,34991.16,Debit Card,06-07-2024,6110
Amazon,39029.55,UPI,23-05-2024,6119
eBay,45926.06,UPI,21-12-2024,6123
eBay,9512.76,UPI,07-12-2024,6134
Ajio,38920.67,Credit Card,17-01-2025,6139
Snapdeal,11369.15,UPI,09-06-2024,6145
eBay,20919.49,UPI,23-02-2025,6147
Flipkart,32118.63,Credit Card,24-04-2024,6148
Snapdeal,8569.88,Debit Card,16-08-2024,6152
Flipkart,27778.06,Credit Card,28-12-2024,6155
Snapdeal,40776.37,Debit Card,06-11-2024,6185
Snapdeal,18292.96,Debit Card,25-10-2024,6194
eBay,25024.97,Net Banking,03-04-2024,6224
Ajio,17909.57,Wallet Payment,21-01-2025,6228
Amazon,37405.07,Net Banking,14-08-2024,6231
Myntra,4881.44,Net Banking,05-05-2024,6234
Ajio,28215.92,UPI,21-01-2025,6236
Flipkart,13376.77,Wallet Payment,08-10-2024,6238
Amazon,26416.23,UPI,14-04-2024,6241
Snapdeal,45363.42,Credit Card,12-11-2024,6246
Amazon,32993.33,Debit Card,15-01-2025,6253
Ajio,6558.06,UPI,11-09-2024,6262
Myntra,16399.46,UPI,10-11-2024,6279
Amazon,35069.55,Net Banking,30-11-2024,6280
Ajio,47394.45,Net Banking,28-04-2024,6295
Amazon,20694.28,Net Banking,24-02-2025,6301
Ajio,26730.98,Net Banking,11-09-2024,6304
Snapdeal,25566.92,Credit Card,12-08-2024,6314
Snapdeal,43094.77,Wallet Payment,29-08-2024,6327
Myntra,18501.23,Debit Card,02-07-2024,6343
Snapdeal,33811.43,Wallet Payment,10-01-2025,6364
Myntra,39608.03,Credit Card,04-04-2024,6372
eBay,18573.87,Debit Card,23-02-2025,6374
Amazon,49910.31,Wallet Payment,24-10-2024,6378
Snapdeal,1428.13,Credit Card,27-09-2024,6399
eBay,20683.81,UPI,05-02-2025,6401
Amazon,43889.9,Debit Card,14-09-2024,6409
Snapdeal,1442.63,UPI,06-12-2024,6413
Amazon,6591.06,Wallet Payment,26-06-2024,6419
eBay,48099.56,Net Banking,14-07-2024,6427
Myntra,2301.12,Net Banking,16-11-2024,6432
Amazon,35231.35,UPI,01-09-2024,6438
Amazon,48750.44,Credit Card,02-10-2024,6439
Flipkart,12004.77,Debit Card,20-10-2024,6442
Ajio,28100.54,Credit Card,23-01-2025,6491
Myntra,11700.27,UPI,12-03-2025,6493
Snapdeal,31051.11,Net Banking,16-04-2024,6500
Flipkart,24725.14,Net Banking,26-02-2025,6514
Flipkart,9119.7,Net Banking,14-03-2025,6523
eBay,46822.47,UPI,11-03-2025,6529
Flipkart,22999.69,Debit Card,14-08-2024,6530
Snapdeal,298.7,Net Banking,01-11-2024,6531
Myntra,31150.41,Debit Card,29-07-2024,6553
Ajio,22876.29,Credit Card,16-06-2024,6554
Myntra,1592.75,UPI,26-09-2024,6555
Amazon,15371.98,Net Banking,23-10-2024,6573
Snapdeal,35999.75,Credit Card,10-07-2024,6574
eBay,30177.98,Wallet Payment,30-04-2024,6598
Snapdeal,49433.42,Net Banking,25-03-2025,6600
Myntra,6565.38,Net Banking,19-01-2025,6615
Ajio,19271.42,Wallet Payment,04-11-2024,6626
Snapdeal,27748.7,Debit Card,20-08-2024,6629
Snapdeal,1581.37,Wallet Payment,17-01-2025,6635
eBay,49432.01,UPI,19-12-2024,6654
Amazon,44213.93,Credit Card,17-08-2024,6669
Flipkart,16767.87,UPI,05-07-2024,6688
Flipkart,22348.07,Wallet Payment,16-02-2025,6730
Snapdeal,31393.12,Debit Card,06-10-2024,6731
eBay,39848.93,Wallet Payment,29-07-2024,6736
Snapdeal,46991.71,Net Banking,07-04-2024,6744
Myntra,33329.23,UPI,17-10-2024,6754
eBay,19291.89,Wallet Payment,26-08-2024,6761
Flipkart,10342.63,Debit Card,09-02-2025,6772
Flipkart,27094.87,Debit Card,12-12-2024,6781
Ajio,21077.44,UPI,07-12-2024,6813
Flipkart,10443.23,Wallet Payment,22-01-2025,6829
eBay,47192.02,Debit Card,13-07-2024,6846
Amazon,47388.83,Credit Card,11-05-2024,6850
Flipkart,5619.49,Debit Card,07-04-2024,6869
Amazon,25120.35,Net Banking,19-02-2025,6873
Amazon,49432.75,Debit Card,18-11-2024,6876
Flipkart,16747.33,Credit Card,17-06-2024,6878
Flipkart,17496.89,Credit Card,15-10-2024,6882
Myntra,22102.33,Credit Card,21-10-2024,6885
Snapdeal,2654.33,Net Banking,13-04-2024,6890
Amazon,44145.32,Credit Card,03-11-2024,6912
eBay,830.35,Debit Card,22-01-2025,6925
Amazon,45184.51,Wallet Payment,05-10-2024,6928
Amazon,12072.47,Wallet Payment,06-07-2024,6942
Myntra,4035.5,Wallet Payment,30-08-2024,6947
eBay,5095.18,Credit Card,07-10-2024,6977
eBay,4546.36,Credit Card,16-10-2024,6978
Myntra,33164.6,Debit Card,03-08-2024,6994
Amazon,29240.55,Wallet Payment,25-02-2025,7001
Ajio,23370.93,Debit Card,18-02-2025,7006
eBay,34024.23,Credit Card,09-08-2024,7012
Amazon,5420.21,Net Banking,30-05-2024,7018
Myntra,29782.55,Debit Card,30-09-2024,7035
Flipkart,31846.02,Debit Card,01-01-2025,7044
Myntra,24436.76,Wallet Payment,07-05-2024,7046
Snapdeal,32599.85,Credit Card,15-02-2025,7070
Myntra,1768.29,UPI,17-03-2025,7078
Ajio,26395.95,UPI,04-11-2024,7086
Snapdeal,38658.98,Net Banking,28-05-2024,7092
Amazon,48268.38,UPI,29-04-2024,7102
Snapdeal,21894.48,Net Banking,11-12-2024,7118
Amazon,25191.55,Debit Card,07-10-2024,7121
Amazon,35846.35,UPI,19-04-2024,7131
Myntra,25138.25,Wallet Payment,26-01-2025,7132
Myntra,31845.28,UPI,10-04-2024,7149
Flipkart,35541.49,Debit Card,16-12-2024,7164
Ajio,8985.79,Debit Card,25-09-2024,7176
Myntra,48832.97,UPI,13-04-2024,7179
Ajio,14703.97,Debit Card,10-10-2024,7184
Ajio,9386.8,UPI,20-12-2024,7199
Flipkart,26282.53,UPI,09-05-2024,7214
Myntra,35713.15,Wallet Payment,10-10-2024,7216
Myntra,9102.58,Debit Card,13-06-2024,7220
Snapdeal,19816.44,Net Banking,26-12-2024,7223
Amazon,35602.18,Credit Card,18-12-2024,7225
Ajio,23048.58,Credit Card,05-10-2024,7227
eBay,47626.15,UPI,22-06-2024,7229
Myntra,22285.77,Debit Card,02-04-2024,7244
Myntra,46605.89,Wallet Payment,02-09-2024,7246
Amazon,13293.36,Debit Card,16-08-2024,7253
Ajio,6540.92,Net Banking,17-02-2025,7267
Ajio,16522.64,Net Banking,16-11-2024,7284
Snapdeal,3974.45,Net Banking,28-08-2024,7286
Ajio,48994.06,Debit Card,26-10-2024,7290
Myntra,25787.48,Wallet Payment,09-06-2024,7305
Amazon,13942.7,Wallet Payment,23-01-2025,7311
Amazon,13859.05,Wallet Payment,17-10-2024,7338
Ajio,2532.04,Wallet Payment,17-06-2024,7363
Flipkart,38064.77,Net Banking,07-07-2024,7375
Flipkart,28439.73,Wallet Payment,08-12-2024,7383
Flipkart,38830.29,Wallet Payment,31-05-2024,7389
Flipkart,38983.7,Net Banking,11-10-2024,7396
Snapdeal,38030.54,UPI,01-10-2024,7401
Ajio,8641.49,Net Banking,28-03-2024,7415
Amazon,25060.7,UPI,31-10-2024,7418
Ajio,38887.02,Credit Card,21-02-2025,7421
Flipkart,48565.74,UPI,22-08-2024,7434
Amazon,42436.82,Credit Card,29-03-2024,7437
Amazon,23272.68,Debit Card,07-08-2024,7438
Snapdeal,33709.88,Credit Card,12-12-2024,7455
eBay,6509.67,Debit Card,10-05-2024,7461
eBay,9529.85,Debit Card,08-06-2024,7471
Snapdeal,2603.59,Debit Card,04-07-2024,7475
Amazon,49269.4,Debit Card,15-02-2025,7481
Flipkart,22758.49,Debit Card,14-07-2024,7483
eBay,21296.4,Net Banking,30-07-2024,7484
Ajio,41717.73,UPI,25-08-2024,7499
eBay,14984.77,UPI,11-11-2024,7502
eBay,29445.31,Wallet Payment,07-01-2025,7504
Snapdeal,16776.26,Net Banking,21-01-2025,7511
Snapdeal,22870.45,Debit Card,28-12-2024,7512
Snapdeal,14416.56,Wallet Payment,17-06-2024,7523
Snapdeal,2206.21,Debit Card,25-08-2024,7543
Flipkart,27672.86,Credit Card,18-12-2024,7547
Snapdeal,17180.44,Debit Card,28-01-2025,7553
Myntra,29973.43,Debit Card,09-04-2024,7566
Ajio,9230.73,Net Banking,11-10-2024,7567
Ajio,43860.56,UPI,06-04-2024,7570
Snapdeal,15495.9,UPI,01-06-2024,7572
Myntra,49819.32,UPI,22-07-2024,7581
Snapdeal,12170.3,UPI,21-09-2024,7592
Myntra,47754.87,Wallet Payment,28-08-2024,7594
Flipkart,46632.49,Credit Card,10-02-2025,7606
Snapdeal,43836.74,Wallet Payment,30-03-2024,7607
Snapdeal,46023.02,Net Banking,21-03-2025,7609
Ajio,16216.49,Wallet Payment,12-03-2025,7615
Amazon,21582.83,UPI,18-08-2024,7620
Myntra,8583.31,Credit Card,11-06-2024,7624
Ajio,37363.85,Wallet Payment,08-11-2024,7625
Amazon,16331.96,Credit Card,15-03-2025,7643
Snapdeal,29469.54,Credit Card,23-09-2024,7653
Snapdeal,26382.86,Credit Card,21-06-2024,7655
Snapdeal,14606.68,UPI,13-07-2024,7658
Flipkart,47846.25,UPI,19-12-2024,7684
eBay,8023.99,Debit Card,27-09-2024,7686
Flipkart,41688.31,Net Banking,25-04-2024,7688
Snapdeal,6708.28,UPI,28-08-2024,7698
Ajio,38318.18,Debit Card,18-01-2025,7703
Ajio,34550.74,Wallet Payment,07-09-2024,7708
Ajio,43965.47,Debit Card,21-08-2024,7730
Snapdeal,40465.62,Net Banking,06-03-2025,7732
Snapdeal,1001.11,Net Banking,11-01-2025,7738
Flipkart,8210.79,Net Banking,01-12-2024,7751
eBay,27350.13,Credit Card,24-10-2024,7761
eBay,34180.06,UPI,16-02-2025,7767
Amazon,32480.91,Wallet Payment,03-04-2024,7782
Amazon,36161.27,Wallet Payment,17-03-2025,7786
eBay,48687.87,Debit Card,25-02-2025,7797
Myntra,33718.32,Net Banking,24-03-2025,7798
Snapdeal,44529.58,Credit Card,04-07-2024,7807
Snapdeal,48846.34,Credit Card,12-05-2024,7812
Amazon,44648.65,UPI,17-01-2025,7818
Flipkart,3277.07,Debit Card,26-05-2024,7828
Ajio,23902.44,Debit Card,19-08-2024,7841
Flipkart,30546.69,UPI,18-07-2024,7850
Myntra,40077.38,UPI,07-04-2024,7853
Flipkart,48824.53,Wallet Payment,30-11-2024,7857
eBay,4416.51,Wallet Payment,07-09-2024,7862
Ajio,25231.06,UPI,21-01-2025,7868
Snapdeal,46382.73,Net Banking,13-03-2025,7870
Amazon,42731.38,Credit Card,17-06-2024,7874
Ajio,4915.95,Credit Card,24-02-2025,7878
Amazon,45504.9,Credit Card,28-10-2024,7887
Amazon,34906.82,Net Banking,29-08-2024,7888
Amazon,48477.24,Debit Card,07-05-2024,7895
Ajio,13810.56,Credit Card,23-03-2025,7897
Ajio,6444.12,UPI,25-01-2025,7906
Ajio,23433.55,Debit Card,16-10-2024,7909
Myntra,5264.04,Net Banking,02-06-2024,7916
Ajio,12655.57,Net Banking,23-04-2024,7929
Flipkart,6963.17,Debit Card,16-06-2024,7939
Snapdeal,18171.75,UPI,19-12-2024,7981
eBay,39978.66,UPI,31-05-2024,7991
Snapdeal,48049.89,Debit Card,25-03-2025,8007
eBay,21206.35,Debit Card,06-04-2024,8022
Amazon,589.12,Wallet Payment,28-07-2024,8025
Flipkart,22660.68,UPI,31-07-2024,8033
Myntra,40216.76,Debit Card,02-06-2024,8034
Myntra,31085.58,Debit Card,01-04-2024,8052
Snapdeal,47755.94,Credit Card,22-04-2024,8054
Myntra,26307.9,Debit Card,10-02-2025,8055
Ajio,13518.22,Net Banking,29-09-2024,8060
eBay,11791.43,Debit Card,26-11-2024,8080
Amazon,9527.11,Credit Card,14-03-2025,8091
eBay,37479.15,Wallet Payment,05-09-2024,8105
Amazon,15881.25,Wallet Payment,01-09-2024,8126
Myntra,11349.17,Debit Card,04-06-2024,8138
Snapdeal,34378.45,Net Banking,23-10-2024,8141
Snapdeal,11135.48,Wallet Payment,30-11-2024,8144
Snapdeal,46491.22,Wallet Payment,27-03-2024,8161
Amazon,23254.8,Credit Card,11-12-2024,8172
Snapdeal,32104.48,Credit Card,07-01-2025,8178
eBay,42551.19,Debit Card,29-12-2024,8179
Ajio,26977.62,Credit Card,06-12-2024,8205
Ajio,22152.08,Net Banking,01-04-2024,8210
Amazon,33176.55,UPI,28-02-2025,8218
Ajio,29720.41,UPI,01-07-2024,8230
Amazon,3264.05,Net Banking,04-02-2025,8231
Flipkart,26674.48,UPI,16-02-2025,8242
eBay,47759.67,Credit Card,14-11-2024,8245
Myntra,28061.37,Credit Card,02-08-2024,8251
Ajio,43436.1,UPI,22-04-2024,8259
Ajio,20194.33,Net Banking,22-04-2024,8265
Flipkart,45245.9,Wallet Payment,19-11-2024,8273
Ajio,44677.41,UPI,27-09-2024,8303
Myntra,44273.09,Wallet Payment,10-03-2025,8308
Myntra,46963.96,Net Banking,10-01-2025,8341
Flipkart,7277.91,Net Banking,26-07-2024,8342
Flipkart,31504.21,UPI,05-04-2024,8344
Myntra,49786.73,Credit Card,26-07-2024,8355
Flipkart,3495.72,UPI,13-03-2025,8405
Flipkart,29543.14,Wallet Payment,30-01-2025,8406
Amazon,12436.69,Credit Card,21-01-2025,8412
Ajio,16307.97,Wallet Payment,16-03-2025,8417
eBay,35676.47,UPI,19-04-2024,8429
Myntra,26678.68,Credit Card,06-01-2025,8433
Amazon,41748.98,UPI,18-10-2024,8449
Amazon,11869.78,Net Banking,06-09-2024,8450
Snapdeal,14790.45,UPI,06-10-2024,8460
Snapdeal,44529.73,Wallet Payment,30-05-2024,8469
Snapdeal,6124.83,Net Banking,28-07-2024,8484
Snapdeal,6184.92,Credit Card,15-05-2024,8489
Myntra,26110.27,UPI,12-08-2024,8496
Ajio,10018.07,UPI,06-07-2024,8517
Flipkart,8927.88,UPI,31-12-2024,8518
eBay,6325.78,UPI,21-06-2024,8520
Flipkart,4243.16,UPI,14-01-2025,8527
eBay,35153.15,Credit Card,13-01-2025,8529
eBay,33574.97,Net Banking,05-07-2024,8531
Flipkart,37745.93,Credit Card,14-07-2024,8532
eBay,32471.96,Debit Card,27-10-2024,8555
Myntra,25929.11,Wallet Payment,01-09-2024,8563
Myntra,31740.17,UPI,23-08-2024,8565
Myntra,45917.27,Debit Card,26-10-2024,8585
Myntra,591.57,Wallet Payment,29-05-2024,8601
eBay,28370.76,Wallet Payment,22-07-2024,8606
Amazon,49769.08,Credit Card,27-02-2025,8612
Ajio,33116.77,Wallet Payment,30-11-2024,8613
Flipkart,17236.76,UPI,05-10-2024,8625
Flipkart,44590.98,Debit Card,23-02-2025,8635
Myntra,41105.74,Net Banking,12-09-2024,8668
Flipkart,14208.14,Debit Card,01-01-2025,8673
Ajio,12725.32,Debit Card,16-07-2024,8684
Amazon,37354.98,Wallet Payment,09-09-2024,8685
Amazon,29232.83,Debit Card,05-02-2025,8688
Snapdeal,43912.3,Credit Card,12-10-2024,8690
Ajio,33230.78,Wallet Payment,27-11-2024,8699
Snapdeal,14502.38,Credit Card,28-08-2024,8700
Myntra,23656.36,Debit Card,25-04-2024,8709
Flipkart,40661.04,UPI,18-12-2024,8710
Amazon,37294.15,Credit Card,22-08-2024,8717
Flipkart,34358.74,Net Banking,07-06-2024,8726
eBay,10996.21,UPI,25-05-2024,8740
Flipkart,1359.37,Wallet Payment,29-01-2025,8744
Ajio,20655.22,UPI,25-03-2025,8750
Flipkart,16765.71,Wallet Payment,27-08-2024,8761
eBay,44873.11,Debit Card,13-01-2025,8775
Amazon,46005.99,Net Banking,16-09-2024,8790
Flipkart,40899.64,Net Banking,14-10-2024,8793
eBay,28698.78,Wallet Payment,16-10-2024,8798
Myntra,1510.84,Wallet Payment,13-04-2024,8811
Amazon,32501.37,Debit Card,13-01-2025,8814
Amazon,2214.72,Net Banking,26-11-2024,8822
eBay,41138.14,UPI,25-01-2025,8831
Snapdeal,33905.65,Debit Card,10-12-2024,8834
Snapdeal,7966.57,Wallet Payment,28-07-2024,8837
Amazon,38934.73,Debit Card,28-03-2024,8846
Snapdeal,43566.87,Debit Card,13-12-2024,8848
Myntra,4627.7,UPI,26-07-2024,8849
eBay,43850.87,Net Banking,06-04-2024,8859
Myntra,37476.94,Debit Card,20-12-2024,8869
Amazon,4339.17,Wallet Payment,23-01-2025,8909
Myntra,20101.38,Net Banking,15-12-2024,8912
Amazon,13088.32,Wallet Payment,29-04-2024,8916
Snapdeal,7599.02,Net Banking,25-06-2024,8941
Myntra,35572.12,Credit Card,23-06-2024,8953
eBay,43365.09,Net Banking,07-03-2025,8972
eBay,39283.44,Credit Card,17-11-2024,8973
eBay,45962.35,UPI,23-01-2025,8982
Myntra,22912.92,Debit Card,05-03-2025,8993
Snapdeal,17058.64,Net Banking,14-08-2024,8994
eBay,32217.88,Debit Card,15-08-2024,9022
Ajio,11569.18,Net Banking,25-05-2024,9031
Flipkart,31357.23,Credit Card,14-02-2025,9037
eBay,48328.32,UPI,30-12-2024,9042
Myntra,40206.1,Wallet Payment,14-06-2024,9043
eBay,8804.91,Net Banking,19-07-2024,9047
eBay,46109.1,UPI,20-01-2025,9055
eBay,39775.2,Debit Card,16-04-2024,9056
Myntra,33933.99,Net Banking,08-05-2024,9064
Ajio,27977.53,Wallet Payment,09-10-2024,9071
Flipkart,22285.18,Debit Card,12-04-2024,9095
Ajio,43039.26,Credit Card,27-02-2025,9115
Snapdeal,27443.89,Debit Card,21-03-2025,9117
eBay,13581.49,Wallet Payment,22-06-2024,9167
Myntra,38073.02,Debit Card,23-06-2024,9185
Ajio,19352.79,Credit Card,08-06-2024,9196
Myntra,1094.41,Wallet Payment,03-09-2024,9199
Flipkart,8189.93,Debit Card,17-07-2024,9204
Flipkart,27888.58,UPI,03-11-2024,9209
Snapdeal,42504.01,Credit Card,20-10-2024,9231
Myntra,33966.21,Wallet Payment,15-01-2025,9239
Myntra,1979.86,UPI,23-04-2024,9261
Ajio,10258.32,Net Banking,10-09-2024,9281
Amazon,48492.72,Credit Card,06-03-2025,9285
Ajio,1108.02,UPI,12-03-2025,9289
Myntra,25830.91,UPI,27-04-2024,9307
Amazon,35160.65,Wallet Payment,21-07-2024,9311
Flipkart,49081.46,Debit Card,20-05-2024,9317
Myntra,16828.9,Debit Card,08-10-2024,9327
Snapdeal,21859.16,Wallet Payment,12-10-2024,9348
eBay,23779.3,Credit Card,31-01-2025,9355
Ajio,18964.52,Wallet Payment,27-10-2024,9366
Myntra,7216.88,Debit Card,11-05-2024,9369
Flipkart,35967.71,Debit Card,21-10-2024,9375
Myntra,44271.57,UPI,30-05-2024,9395
Ajio,17057.05,UPI,22-02-2025,9410
Ajio,40841.56,Net Banking,01-04-2024,9412
Flipkart,1838.81,UPI,07-09-2024,9428
Flipkart,40685.86,Net Banking,24-12-2024,9446
eBay,17916.71,Wallet Payment,23-12-2024,9462
Amazon,14763,UPI,11-06-2024,9474
Flipkart,6175.83,UPI,22-04-2024,9486
eBay,5272.1,Net Banking,04-06-2024,9504
Snapdeal,21694.86,Credit Card,02-03-2025,9524
Amazon,20107.58,Wallet Payment,28-10-2024,9530
Ajio,43438.15,UPI,19-10-2024,9540
Amazon,29231.99,Credit Card,13-09-2024,9543
eBay,48794.04,Net Banking,29-07-2024,9548
Flipkart,11281.57,Credit Card,04-10-2024,9561
Myntra,30724.32,Debit Card,23-12-2024,9565
eBay,8223.17,Debit Card,29-09-2024,9571
Flipkart,23695.54,Debit Card,24-05-2024,9576
Ajio,43967.98,Wallet Payment,08-05-2024,9586
eBay,28327.75,Net Banking,20-09-2024,9589
Snapdeal,46632.71,Debit Card,23-03-2025,9595
Ajio,12720.96,Net Banking,07-05-2024,9624
eBay,41056.02,Credit Card,24-04-2024,9625
Snapdeal,7937.78,Net Banking,26-10-2024,9626
Flipkart,34334.26,Wallet Payment,05-05-2024,9647
eBay,2755.85,Net Banking,07-04-2024,9653
Amazon,38135.25,Net Banking,11-02-2025,9666
Myntra,18664.53,UPI,07-10-2024,9691
Snapdeal,32718.21,UPI,06-11-2024,9700
Myntra,44849.41,Debit Card,27-10-2024,9702
Amazon,7124.65,Debit Card,14-02-2025,9721
Ajio,42701.67,Credit Card,19-07-2024,9727
Snapdeal,13264.13,Credit Card,28-09-2024,9742
Snapdeal,20439.95,Credit Card,01-08-2024,9759
eBay,19087.25,Credit Card,10-02-2025,9773
Myntra,46974.75,Credit Card,30-07-2024,9775
eBay,40340.97,UPI,17-07-2024,9782
Myntra,40582.26,Wallet Payment,21-02-2025,9785
Flipkart,36617.45,Debit Card,26-04-2024,9796
Snapdeal,7011.44,UPI,02-02-2025,9797
eBay,9207.12,Credit Card,07-08-2024,9806
Flipkart,41090.74,Debit Card,14-02-2025,9813
Amazon,3951.66,Debit Card,27-11-2024,9817
Amazon,21441.09,Debit Card,22-03-2025,9818
Snapdeal,6858.1,Debit Card,03-04-2024,9830
Snapdeal,47467.05,Net Banking,10-09-2024,9835
Myntra,17280.45,Credit Card,25-10-2024,9837
Snapdeal,33975.8,UPI,03-09-2024,9849
Flipkart,44905.71,Debit Card,20-10-2024,9850
Flipkart,3753.93,UPI,07-02-2025,9880
Snapdeal,7358.62,UPI,28-02-2025,9882
Flipkart,34714.19,Net Banking,04-07-2024,9883
Amazon,33071.58,Credit Card,02-05-2024,9897
Snapdeal,5079.09,Debit Card,15-09-2024,9900
Myntra,18281.47,Wallet Payment,13-07-2024,9901
Myntra,4869.35,Debit Card,18-03-2025,9914
Flipkart,28321.55,Debit Card,22-09-2024,9935
eBay,45220.08,Credit Card,26-04-2024,9939
Ajio,16128.31,Debit Card,23-06-2024,9955
eBay,46153.43,UPI,09-06-2024,9962
Amazon,44357.47,Credit Card,25-08-2024,9966
Snapdeal,48994.19,Debit Card,07-03-2025,9972
